Top queries,Clicks,Impressions,CTR,Position
what is weather like,1,1,100%,1
napa valley top wineries 2026,0,122,0%,9.75
sonoma county winery,0,77,0%,49.96
sonoma county wine,0,52,0%,55.94
sonoma wineries,0,42,0%,52.17
sonoma county wines,0,36,0%,51.69
best wineries napa valley reservations 2026,0,33,0%,7.55
napa valley top wineries reservations 2026,0,31,0%,8.65
best napa valley merlot,0,30,0%,32.07
winery robert mondavi,0,28,0%,63.5
sonoma vineyards,0,27,0%,70.15
sonoma county wineries,0,26,0%,47.65
cheap wine tasting,0,24,0%,17.54
best wineries to visit in sonoma,0,24,0%,64.79
wineries in sonoma,0,23,0%,57.52
caymus vineyards,0,23,0%,65.35
mondavi winery,0,21,0%,29.24
napa valley best wineries 2026,0,20,0%,8.65
napa to sonoma,0,20,0%,37.1
napa valley best wineries reservations 2026,0,19,0%,8.95
best wineries to visit in napa,0,18,0%,53.94
sonoma valley wineries,0,18,0%,59.5
sonoma wine vineyards,0,17,0%,66.29
napa vs sonoma map,0,16,0%,11.69
sonoma vineyards wine,0,16,0%,61.81
napa sonoma map,0,15,0%,17.27
domaine carneros,0,15,0%,38.33
napa valley winery map,0,14,0%,39.64
robert mondavi winery,0,14,0%,67.36
best sonoma wineries to visit,0,14,0%,68.43
napa valley tastings under $50,0,13,0%,27.31
wineries sonoma,0,13,0%,55.92
sonoma county vineyards,0,12,0%,47.33
sonoma valley vineyards,0,12,0%,60.42
sonoma winery,0,12,0%,62.33
vineyards in sonoma,0,12,0%,65.5
napa sonoma winery tasting fees cabernet sauvignon,0,11,0%,6.09
map of napa wineries,0,11,0%,42.73
napa valley wine map,0,11,0%,42.91
best time to visit napa valley,0,11,0%,50.36
best wineries in napa and sonoma,0,11,0%,51.27
wine tasting in sonoma county,0,11,0%,52.36
wineries in sonoma california,0,11,0%,61.73
silver oak winery sonoma,0,10,0%,20.7
opus one winery tour,0,10,0%,33.7
napa wineries map,0,10,0%,38.4
map of napa valley wineries,0,10,0%,42.1
best napa wineries to visit,0,10,0%,48.1
best winery in napa valley,0,10,0%,49.6
sonoma valley winery,0,10,0%,54.1
wineries sonoma valley,0,10,0%,54.2
best wineries in sonoma valley,0,10,0%,54.4
winery in sonoma county,0,10,0%,54.9
wineries in sonoma valley,0,10,0%,56.9
wineries to visit in napa,0,10,0%,77.3
napa valley winery reservations tips 2026,0,9,0%,6.22
best time to visit napa,0,9,0%,26.78
napa valley wineries map,0,9,0%,39.67
best vineyards in napa valley,0,9,0%,41.89
top sonoma vineyards,0,9,0%,50.89
wineries in sonoma county,0,9,0%,52
sonoma ca wine country,0,9,0%,64.78
sonoma ca vineyards,0,9,0%,65.78
silver oak winery,0,9,0%,66.67
sonoma trip planning,0,9,0%,77.67
affordable wineries in napa,0,8,0%,1
napa valley wine tasting reservations tips 2026,0,8,0%,5.25
best wineries napa valley 2026,0,8,0%,9.38
best wineries in sonoma county 2026,0,8,0%,9.88
cheap wine tours,0,8,0%,29
robert mondavi winery napa,0,8,0%,29.62
inexpensive napa wineries,0,8,0%,34.75
napa winery map,0,8,0%,40.75
napa vs sonoma,0,8,0%,41
sonoma winery map,0,8,0%,44.25
schramsberg winery,0,8,0%,46
best wineries in napa valley,0,8,0%,60.62
napa wineries list,0,8,0%,66.88
sonoma vs napa wine tasting fees comparison 2026,0,7,0%,7.57
domaine carneros sonoma,0,7,0%,7.71
best merlot in napa,0,7,0%,9.43
best napa valley wineries 2026,0,7,0%,10.14
cheap wineries in napa valley,0,7,0%,31.14
napa sonoma wineries,0,7,0%,47.57
opus one tasting,0,7,0%,55.29
sonoma county wine country map,0,7,0%,55.71
napa and sonoma winery,0,7,0%,58.71
carneros vineyards,0,7,0%,65.86
napa valley to sonoma,0,7,0%,69.86
schramsberg,0,7,0%,77.43
best sonoma county wineries 2026,0,6,0%,7.67
top napa wineries for harvest season experiences 2025 or 2026,0,6,0%,8.33
visit napa valley robert mondavi winery hours of operation,0,6,0%,10.83
coombs winery,0,6,0%,16.67
domaine carneros winery,0,6,0%,30.67
inexpensive wine tasting napa,0,6,0%,31.67
sonoma vs napa,0,6,0%,32.67
map of napa and sonoma,0,6,0%,35.67
sonoma wine map,0,6,0%,36.17
map of napa valley and sonoma,0,6,0%,39.33
napa wine map,0,6,0%,40.67
wine tasting sonoma county,0,6,0%,40.83
map of sonoma and napa,0,6,0%,41.83
napa valley map with wineries,0,6,0%,43.33
best winery in sonoma county,0,6,0%,45.67
vineyards in sonoma county,0,6,0%,48.83
winery sonoma county,0,6,0%,53.5
mondavi napa,0,6,0%,54.17
napa valley wine tasting map,0,6,0%,54.67
wineries sonoma county,0,6,0%,55.17
best napa and sonoma wineries,0,6,0%,55.33
coombsville ava,0,6,0%,55.67
top wineries in napa valley,0,6,0%,55.83
napa wine tasting map,0,6,0%,56.17
stags leap wine cellars,0,6,0%,61.83
wineries to visit in sonoma,0,6,0%,64
schramsberg vineyards,0,6,0%,65.5
napa valley wineries list,0,6,0%,66.17
opus napa,0,6,0%,68.5
napa vs sonoma wine tasting fees comparison 2026,0,5,0%,6.6
best napa merlot,0,5,0%,16.2
napa sonoma winery map,0,5,0%,17
robert mondavi winery oakville,0,5,0%,22.8
sonoma wineries free tasting,0,5,0%,23.8
free wine tasting in napa california,0,5,0%,25.2
cheap wine tasting napa,0,5,0%,33.4
"""napa wine map",0,5,0%,36.8
map napa wineries,0,5,0%,38.2
napa vineyard map,0,5,0%,38.4
best wineries to visit in napa valley,0,5,0%,43.2
cheap wineries in napa,0,5,0%,43.6
downtown napa wine tasting,0,5,0%,43.6
best sonoma county wineries,0,5,0%,45.8
sonoma vs napa valley,0,5,0%,46.4
napa valley maps,0,5,0%,47.2
napa valley vineyard map,0,5,0%,47.8
best wineries sonoma county,0,5,0%,48.4
tasting rooms napa downtown,0,5,0%,49.4
silver oak winery napa,0,5,0%,52
sonoma wine county,0,5,0%,52.2
napa and sonoma valley,0,5,0%,53
sonoma coast wineries,0,5,0%,53.6
interactive map of napa valley wineries,0,5,0%,53.8
napa wineries,0,5,0%,54
silver oak cellars,0,5,0%,56
napa map,0,5,0%,57
oak knoll ava,0,5,0%,58.2
most popular vineyards in napa,0,5,0%,58.4
most popular wineries in napa,0,5,0%,60.6
opus winery,0,5,0%,62
caymus vineyard,0,5,0%,62.2
sonoma wineries list,0,5,0%,63.8
wineries of napa valley,0,5,0%,68.4
opus one winery napa valley,0,5,0%,70.6
winery in sonoma valley,0,5,0%,70.8
napa valley wineries,0,5,0%,72.4
opus one winery napa,0,5,0%,76
sonoma vineyard,0,5,0%,77.6
best wineries sonoma county 2026,0,4,0%,6.25
sonoma napa map,0,4,0%,12
stag's leap wine cellars visit hours,0,4,0%,12.25
domaine carneros winery napa valley,0,4,0%,14.75
affordable napa wineries,0,4,0%,15.5
map of napa and sonoma wineries,0,4,0%,15.5
napa valley wineries free tasting,0,4,0%,17.5
winery map napa and sonoma,0,4,0%,18.5
cheapest wineries in napa,0,4,0%,20
caymus wineyard,0,4,0%,23.75
winery domaine carneros,0,4,0%,24.25
sonoma and napa winery map,0,4,0%,25
napa valley sonoma map,0,4,0%,26.25
napa sonoma wineries map,0,4,0%,26.5
napa valley cheap wine tasting,0,4,0%,27.5
napa valley vs sonoma county,0,4,0%,29
sonoma and napa valley map,0,4,0%,30.25
coombsville wineries,0,4,0%,31.5
mondavi winery napa,0,4,0%,33.5
napa valley vs sonoma,0,4,0%,33.75
winery map napa,0,4,0%,34
domaine carneros napa valley,0,4,0%,34.5
sonoma and napa map,0,4,0%,35.75
how many wineries in sonoma,0,4,0%,36.25
difference between napa and sonoma,0,4,0%,37
best dry cabernet sauvignon,0,4,0%,37.25
winery map of napa,0,4,0%,37.5
robert mondavi winery california,0,4,0%,38
how many wineries in sonoma county,0,4,0%,39
napa vineyards map,0,4,0%,39
sonoma wineries map,0,4,0%,40
napa valley map,0,4,0%,41.75
mondavi winery tour,0,4,0%,42.25
best wineries to visit in napa and sonoma,0,4,0%,43.25
best vineyards to visit in napa,0,4,0%,43.5
robert mondavi napa,0,4,0%,43.5
best vineyards in napa and sonoma,0,4,0%,43.75
affordable wine tasting in napa,0,4,0%,44
wineries near sonoma,0,4,0%,44
best wineries in napa to visit,0,4,0%,44.5
carneros winery napa,0,4,0%,44.5
napa valley vineyards map,0,4,0%,45.5
napa wine tasting deals,0,4,0%,45.5
sonoma map of wineries,0,4,0%,46
wine tasting downtown napa,0,4,0%,46.5
caymus winery,0,4,0%,47
wineries napa valley,0,4,0%,47.25
how far is sonoma from napa valley,0,4,0%,47.75
caymus vineyard napa,0,4,0%,49.75
best time to visit napa valley for wine tasting,0,4,0%,50.5
"sonoma or napa""",0,4,0%,51
best time to go to napa valley,0,4,0%,52.25
napa map of wineries,0,4,0%,52.5
best wineries to visit napa valley,0,4,0%,54.5
wineries in sonoma county ca,0,4,0%,54.5
best sonoma valley wineries to visit,0,4,0%,54.75
napa and sonoma wineries,0,4,0%,55.25
top wineries to visit in napa,0,4,0%,57.75
best cabernet sauvignon wineries to visit sonoma county alexander valley,0,4,0%,59
vineyards to visit in sonoma,0,4,0%,59
list of napa wineries and tasting fees,0,4,0%,60.25
vineyards in napa and sonoma,0,4,0%,61.5
must visit wineries in napa,0,4,0%,62.25
top 10 napa valley wineries,0,4,0%,62.75
how many wineries in napa county,0,4,0%,63.5
top rated napa valley wineries,0,4,0%,64
number of wineries in napa valley,0,4,0%,64.25
sonoma valley wineries list,0,4,0%,64.25
napa and sonoma,0,4,0%,64.75
best wines from napa valley,0,4,0%,65.5
sonoma county wineries list,0,4,0%,65.5
silver oak sonoma,0,4,0%,66.25
list of napa wineries,0,4,0%,66.75
best time to visit wine country in california,0,4,0%,68
best time to visit california wine country,0,4,0%,68.5
sonoma california wineries,0,4,0%,69
napa valley merlot,0,4,0%,69.25
opus one wine tasting,0,4,0%,80.75
opus winery napa,0,4,0%,82.75
napa valley winery recommendations 2026,0,3,0%,8.33
stag's leap wine cellars hours tasting room,0,3,0%,9
top-rated wineries to tour in napa valley 2026,0,3,0%,9
best napa wineries 2026,0,3,0%,10
sonoma vs napa cabernet sauvignon value comparison,0,3,0%,10.33
where to taste merlot in napa valley?,0,3,0%,10.33
napa and sonoma wineries map,0,3,0%,13.67
napa sonoma wine map,0,3,0%,17.67
map of sonoma and napa wineries,0,3,0%,22.67
domaine carneros winery napa,0,3,0%,24
opus one wine tour,0,3,0%,24.33
napa and sonoma winery map,0,3,0%,25
affordable wine tasting,0,3,0%,25.33
oak knoll district,0,3,0%,27.67
the calistoga inn,0,3,0%,28
sonoma vs napa map,0,3,0%,30
which napa wineries are known for merlot?,0,3,0%,30.67
map of napa sonoma wineries,0,3,0%,32.33
napa and sonoma map,0,3,0%,33.67
napa valley map of wineries,0,3,0%,35
caymus wine tasting,0,3,0%,35.67
caymus winery napa valley,0,3,0%,35.67
domaine carneros napa,0,3,0%,35.67
caymus vineyards tasting,0,3,0%,36
wineries in sonoma valley ca,0,3,0%,36.67
map of sonoma and napa valley,0,3,0%,37.33
winery map of napa valley,0,3,0%,38
robert mondavi winery oakville ca,0,3,0%,38.33
wine map napa valley,0,3,0%,38.67
wine map napa,0,3,0%,39.33
when to visit napa valley,0,3,0%,40
downtown napa napa ca,0,3,0%,41.33
wineries napa valley map,0,3,0%,41.33
mondavi wineries,0,3,0%,42
map of wineries in napa,0,3,0%,42.33
winery map sonoma county,0,3,0%,42.33
cheap napa wine,0,3,0%,42.67
wine country sonoma,0,3,0%,42.67
wine map sonoma,0,3,0%,42.67
stag leap wine cellars,0,3,0%,43.33
top sonoma wineries,0,3,0%,43.33
wineries in napa map,0,3,0%,43.33
how far is sonoma to napa,0,3,0%,43.67
sonoma county wineries map,0,3,0%,43.67
top sonoma county wineries,0,3,0%,43.67
napa valley map of vineyards,0,3,0%,44
best wineries to visit in sonoma valley,0,3,0%,44.33
map of napa sonoma,0,3,0%,45
map of sonoma wineries,0,3,0%,45
vineyard in sonoma,0,3,0%,45
best sonoma county wineries to visit,0,3,0%,46
best vineyards to visit in napa and sonoma,0,3,0%,46
napa or sonoma,0,3,0%,46.33
top wineries in sonoma,0,3,0%,46.33
sonoma wine country,0,3,0%,46.67
wineries in napa and sonoma,0,3,0%,46.67
how far is napa from sonoma,0,3,0%,47
silver oak wine tasting,0,3,0%,47.33
do you tip at a wine tasting in napa,0,3,0%,47.67
wine season napa,0,3,0%,47.67
wineries in napa valley map,0,3,0%,48
map of sonoma valley wineries,0,3,0%,48.33
sonoma county wine country,0,3,0%,48.67
top wineries in sonoma county,0,3,0%,49
vineyards sonoma county,0,3,0%,49.67
domaine napa,0,3,0%,50.33
top wineries in sonoma valley,0,3,0%,50.33
list of sonoma county wineries,0,3,0%,51.67
best wineries in napa valley to visit,0,3,0%,52
cayman vineyards,0,3,0%,52
caymus napa,0,3,0%,52
most popular napa valley wineries,0,3,0%,52.33
wineries in napa valley,0,3,0%,52.33
best napa valley wineries to visit,0,3,0%,53.33
napa wineries list map,0,3,0%,53.33
napa winery map pdf,0,3,0%,53.67
schramsberg wines,0,3,0%,53.67
wineries napa and sonoma,0,3,0%,55.67
wineries to visit in napa valley,0,3,0%,55.67
best wineries near downtown napa,0,3,0%,56
caymus vineyards napa,0,3,0%,57.33
famous winery in napa valley,0,3,0%,57.33
sonoma winery list,0,3,0%,57.67
how far is sonoma from napa,0,3,0%,58.33
sonoma zinfandel wineries,0,3,0%,58.33
winery in sonoma,0,3,0%,58.67
what wineries to visit in napa,0,3,0%,59
best wineries to visit in sonoma and napa,0,3,0%,59.33
cheapest wine tasting in napa,0,3,0%,59.67
weather in napa in july,0,3,0%,60
opus one winery tasting,0,3,0%,62.67
sonoma wine tasting map,0,3,0%,65.33
best wine in napa valley,0,3,0%,66
sonoma california wine country,0,3,0%,66
famous wines in napa valley,0,3,0%,69
top vineyards in napa valley,0,3,0%,69
carneros domaine,0,3,0%,70.33
best cabernet sauvignon wineries sonoma county alexander valley to visit,0,3,0%,72.33
silver oak tasting,0,3,0%,72.33
list of wineries in sonoma,0,3,0%,77
opus one napa,0,3,0%,78.33
best wine tasting in sonoma,0,3,0%,78.67
how many wineries are in napa valley,0,3,0%,83.33
robert mondavi napa​,0,3,0%,89.67
best wineries napa sonoma,0,2,0%,1
stag’s leap wine cellars signature tasting price 2026,0,2,0%,3.5
average wine tasting fees napa vs sonoma 2026,0,2,0%,4.5
stag's leap wine cellars signature tasting fee,0,2,0%,4.5
"top wineries to visit in the stags leap district napa valley wineries stags 
leap district",0,2,0%,6.5
what are the differences between sonoma and napa valley wines?,0,2,0%,7.5
domaine carneros tasting room hours,0,2,0%,8.5
best wineries sonoma california,0,2,0%,9.5
silver oak cellars oakville napa,0,2,0%,9.5
differences between sonoma and napa valley wines,0,2,0%,10
best time to visit sonoma and napa,0,2,0%,12
schramsberg vineyards address phone hours,0,2,0%,12
best vineyards napa sonoma,0,2,0%,15.5
scribe winery napa,0,2,0%,15.5
best time to visit sonoma,0,2,0%,16.5
map of wineries in napa and sonoma,0,2,0%,16.5
cheap wineries napa,0,2,0%,17.5
best time to go to sonoma wine country,0,2,0%,18
sonoma valley vs napa valley,0,2,0%,19
inexpensive wineries in napa,0,2,0%,19.5
opus one winery reservations,0,2,0%,20
map of sonoma and napa valley wineries,0,2,0%,23
caymus winery tours,0,2,0%,26
domaine carneros 1240 duhig rd napa ca 94559,0,2,0%,28
best time to go to sonoma,0,2,0%,29.5
napa wine country map,0,2,0%,29.5
wineries near downtown napa,0,2,0%,30
cheap napa wineries,0,2,0%,30.5
napa valley vs sonoma valley,0,2,0%,31
map napa and sonoma,0,2,0%,32
caymus vineyards rutherford ca,0,2,0%,32.5
calistoga inn and brewery,0,2,0%,33
oak knoll napa,0,2,0%,33
robert mondavi tour,0,2,0%,33
downtown napa valley,0,2,0%,34
napa best time to visit,0,2,0%,34
schramsberg vineyards calistoga ca,0,2,0%,34
best time to visit napa wine country,0,2,0%,35
four sisters inn napa,0,2,0%,35
good dry cabernet sauvignon,0,2,0%,36
map napa valley wineries,0,2,0%,36
caymus napa valley,0,2,0%,36.5
best time to visit sonoma valley,0,2,0%,37
caymus wine vineyard,0,2,0%,37
map of napa wine country,0,2,0%,37
napa stag's leap wine cellars,0,2,0%,37
caymus winery california,0,2,0%,38
downtown napa wine tasting rooms,0,2,0%,38
emeritus wines,0,2,0%,38
weather in sonoma in october,0,2,0%,38.5
when is best time to visit napa valley,0,2,0%,39
best winery to visit in napa valley,0,2,0%,39.5
caymus vineyards napa valley,0,2,0%,39.5
map of wineries napa,0,2,0%,39.5
which is better napa or sonoma,0,2,0%,40
napa wine tour map,0,2,0%,41
robert mondavi tour napa valley,0,2,0%,41
winery map napa valley,0,2,0%,41
oak knoll sauvignon blanc,0,2,0%,41.5
best vineyards in sonoma county,0,2,0%,42
caymus winery tasting,0,2,0%,42
downtown napa wineries,0,2,0%,42
napa valley caymus,0,2,0%,42
best tasting rooms downtown napa,0,2,0%,42.5
domaine winery napa,0,2,0%,42.5
napa or sonoma which is better,0,2,0%,42.5
when is the best time to visit napa,0,2,0%,42.5
wine tasting napa cheap,0,2,0%,42.5
best sonoma county wines,0,2,0%,43
tasting rooms in downtown napa,0,2,0%,44.5
coombsville napa valley,0,2,0%,45
distance between napa and sonoma,0,2,0%,45
downtown napa tasting rooms,0,2,0%,45
cheap napa wine tasting,0,2,0%,45.5
napa county wine map,0,2,0%,45.5
sonoma and napa wineries,0,2,0%,45.5
stags leap wine cellar,0,2,0%,45.5
what is the best place to taste merlot in napa valley?,0,2,0%,45.5
best sonoma wines,0,2,0%,46
carneros winery,0,2,0%,46
coombsville,0,2,0%,46
best sonoma valley wineries,0,2,0%,47
downtown napa valley california,0,2,0%,47
wine map of napa valley,0,2,0%,47
wineries in napa sonoma,0,2,0%,47
best sonoma coast wineries,0,2,0%,47.5
russian river zinfandel,0,2,0%,47.5
best time of year to visit napa valley,0,2,0%,48
weather in napa valley in september,0,2,0%,48
most popular wineries in napa valley,0,2,0%,48.5
napa valley best time to visit,0,2,0%,48.5
best wines in sonoma county,0,2,0%,49
sonoma to napa distance,0,2,0%,49
wine tasting cheap,0,2,0%,49
best time to visit napa valley wineries,0,2,0%,49.5
carneros vineyard,0,2,0%,49.5
wine sonoma county,0,2,0%,49.5
best wine tasting sonoma county,0,2,0%,50
when is the best time to go to napa,0,2,0%,50
best time for napa valley,0,2,0%,50.5
best wineries in sonoma county,0,2,0%,50.5
silver oaks vineyard,0,2,0%,50.5
sonoma valley vs napa,0,2,0%,50.5
weather in napa valley in may,0,2,0%,50.5
map of wineries in napa valley,0,2,0%,51
vineyards in napa valley,0,2,0%,51
which wineries to visit in napa,0,2,0%,51
how many wineries are in napa,0,2,0%,51.5
napa valley best wineries to visit,0,2,0%,52
best wineries in napa sonoma,0,2,0%,52.5
mondavi vineyards california,0,2,0%,52.5
best sonoma wine,0,2,0%,53
calistoga inn,0,2,0%,53
napa valley wine tasting deals,0,2,0%,53
sonoma and napa county map,0,2,0%,53
weather in napa valley in june,0,2,0%,53
map of napa,0,2,0%,53.5
domaine carneros ca,0,2,0%,54
best sonoma valley wines,0,2,0%,54.5
carneros napa winery,0,2,0%,54.5
famous wineries in napa valley,0,2,0%,54.5
napa valley or sonoma,0,2,0%,54.5
sonoma or napa valley,0,2,0%,54.5
best times to visit napa valley,0,2,0%,55
famous napa vineyards,0,2,0%,55
sonoma to napa,0,2,0%,55.5
top napa wineries to visit,0,2,0%,55.5
top wineries to visit in napa valley,0,2,0%,55.5
silver oak vineyard,0,2,0%,56
wineries in sonoma valley california,0,2,0%,56
best time to visit napa valley california,0,2,0%,56.5
napa valley vineyards,0,2,0%,56.5
silver oak winery tasting,0,2,0%,56.5
wineries to go to in napa,0,2,0%,56.5
cheap winery,0,2,0%,57
which winery to visit in napa valley,0,2,0%,57
is sonoma county in napa valley,0,2,0%,57.5
sonoma vineyard map,0,2,0%,57.5
top sonoma wineries to visit,0,2,0%,57.5
silver oak wine cellars,0,2,0%,58
silver oak wineries,0,2,0%,58
robert mondavi california,0,2,0%,58.5
how much are wine tastings in napa,0,2,0%,59
october weather in napa valley,0,2,0%,59
best wines of napa valley,0,2,0%,59.5
domaine carnero,0,2,0%,59.5
sonoma and napa valley wineries,0,2,0%,59.5
carneros wines,0,2,0%,60.5
cost of wine tasting in napa,0,2,0%,60.5
top napa valley wineries to visit,0,2,0%,61
weather in napa in june,0,2,0%,61
how do i choose the best winery to visit in napa valley?,0,2,0%,61.5
coombsville ca,0,2,0%,62
silver oak cellar,0,2,0%,62
must visit vineyards in napa,0,2,0%,62.5
silver oak oakville,0,2,0%,62.5
napa carneros wineries,0,2,0%,63
schramsberg sparkling,0,2,0%,63
napa valley season,0,2,0%,63.5
silver oak vineyards,0,2,0%,63.5
weather in napa valley in august,0,2,0%,63.5
best time to visit sonoma ca,0,2,0%,64
is napa valley in sonoma county,0,2,0%,64.5
napa valley merlot wine,0,2,0%,65
napa sonoma vineyards,0,2,0%,65.5
napa valley and sonoma,0,2,0%,65.5
opus one winery oakville,0,2,0%,65.5
wineries not to miss in sonoma,0,2,0%,65.5
silver oak napa valley,0,2,0%,66
stay in napa or sonoma,0,2,0%,66.5
wineries in napa,0,2,0%,66.5
how many wineries in napa valley,0,2,0%,67
schramsberg sparkling wine,0,2,0%,67.5
sonoma and napa,0,2,0%,67.5
napa maps,0,2,0%,68
napa valley vineyards list,0,2,0%,69
napa winery list,0,2,0%,69.5
best downtown napa tasting rooms,0,2,0%,70
opus one winery,0,2,0%,70
opus one winery visit,0,2,0%,70
silver oaks napa,0,2,0%,70
sonoma valley to napa valley,0,2,0%,70
top rated wineries in napa valley,0,2,0%,71
best time to do napa valley wine train,0,2,0%,72
how much is wine tasting in napa,0,2,0%,72
silver oak vineyard napa valley,0,2,0%,72
vineyards to visit in napa,0,2,0%,72
mondavi napa valley,0,2,0%,72.5
napa valley winery list,0,2,0%,72.5
top winery in napa valley,0,2,0%,73
sonoma and napa valley,0,2,0%,73.5
domaine carneros napa wineries,0,2,0%,75
popular wineries in napa valley,0,2,0%,75
"""napa mapping",0,2,0%,75.5
top vineyards to visit in napa,0,2,0%,77.5
where is napa valley on a map,0,2,0%,78.5
schramsburg,0,2,0%,79
most exclusive wineries in napa,0,2,0%,81
silver oak vineyard napa,0,2,0%,81
best time to go to sonoma california,0,2,0%,84.5
napa caymus,0,2,0%,91
napa vs sonoma wineries,0,1,0%,1
napa valley wine tours,0,1,0%,2
best stags leap district wineries for tasting 2026,0,1,0%,3
plan a napa valley wine tasting trip,0,1,0%,3
shadybrook estate winery in יקב אלקוצר,0,1,0%,3
wines sonoma,0,1,0%,3
stag's leap wine cellars signature tasting price,0,1,0%,4
stag’s leap wine cellars signature tasting cost,0,1,0%,5
what about in july?,0,1,0%,5
wine tasting class napa,0,1,0%,5
best napa wineries to visit 2026,0,1,0%,6
caymus vineyards seated tasting fee,0,1,0%,6
is sonoma as good as napa?,0,1,0%,6
cade estate,0,1,0%,7
domaine carneros official website,0,1,0%,7
top rated cabernet sauvignon producers napa sonoma public tastings,0,1,0%,7
how early to book winery cellar tours weekend peak summer napa sonoma,0,1,0%,8
schramsberg napa,0,1,0%,8
top napa valley wineries 2026,0,1,0%,8
opus one tasting room,0,1,0%,9
sonoma vs napa cabernet sauvignon prices,0,1,0%,9
sonoma vs napa which is more relaxed,0,1,0%,9
visit napa valley robert mondavi winery hours address phone,0,1,0%,9
best napa valley wineries to visit 2026,0,1,0%,10
best time to visit napa valley 2026,0,1,0%,10
best vineyards napa sonoma cabernet sauvignon,0,1,0%,10
robert mondavi winery hours oakville,0,1,0%,10
silver oak cellars sonoma location,0,1,0%,10
robert mondavi winery grape varieties hours address phone,0,1,0%,11
visit napa valley robert mondavi winery hours,0,1,0%,11
visit napa valley robert mondavi winery oakville,0,1,0%,11
wine way inn calistoga,0,1,0%,11
best wineries for cabernet sauvignon napa valley 2025 or 2026,0,1,0%,12
best winery in napa,0,1,0%,12
stag's leap wine cellars tasting room hours,0,1,0%,12
stags leap soda canyon 2021,0,1,0%,12
wine country weather,0,1,0%,12
opus one reservations,0,1,0%,13
robert mondavi winery hours,0,1,0%,13
el dorado resort napa,0,1,0%,16
best time to visit sonoma county,0,1,0%,17
california wine valley,0,1,0%,17
stags leap vineyard,0,1,0%,17
duchamp hotel sonoma,0,1,0%,18
best reviewed napa valley wineries 2025 2026,0,1,0%,20
best wineries in napa valley 2026,0,1,0%,20
el dorado hotel napa,0,1,0%,20
best times to visit napa,0,1,0%,22
best time to visit napa and sonoma,0,1,0%,23
napa wine tasting under $50,0,1,0%,23
emeritus vineyards,0,1,0%,24
napa valley domaine carneros,0,1,0%,24
best month to visit napa valley,0,1,0%,25
caymus winery tour,0,1,0%,25
calistoga wine way inn,0,1,0%,26
robert mondavi vineyard napa,0,1,0%,26
calistoga inn restaurant and brewery,0,1,0%,27
sebastiani winery in sonoma,0,1,0%,27
wineries close to downtown napa,0,1,0%,27
downtown napa winery,0,1,0%,28
calistoga inn brewery,0,1,0%,29
napa valley and sonoma map,0,1,0%,29
napa and sonoma wine map,0,1,0%,30
opus oakville,0,1,0%,30
unique wineries in sonoma,0,1,0%,30
wineries near napa downtown,0,1,0%,30
affordable wineries napa,0,1,0%,31
caymus tasting,0,1,0%,31
caymus wine tour,0,1,0%,32
napa downtown wine tasting,0,1,0%,32
stags leap cellars,0,1,0%,32
brown downtown napa,0,1,0%,33
emeritus wine,0,1,0%,33
robert mondavi winery tasting room,0,1,0%,33
schramsberg vineyards calistoga,0,1,0%,33
caymus napa winery,0,1,0%,34
how many wineries in napa,0,1,0%,34
napa valley winery map printable,0,1,0%,34
stag's leap wine cellars napa,0,1,0%,34
caymus napa ca,0,1,0%,35
distance napa to sonoma,0,1,0%,35
downtown napa tasting rooms map,0,1,0%,35
is it better to stay in napa or sonoma,0,1,0%,35
stag's leap cellars,0,1,0%,35
wine tasting napa downtown,0,1,0%,35
caymus vineyards location,0,1,0%,36
schramsberg vineyards tickets,0,1,0%,36
stag's leap wine cellars napa valley,0,1,0%,36
stay in sonoma or napa,0,1,0%,36
difference between sonoma and napa,0,1,0%,37
interactive sonoma winery map,0,1,0%,37
oak lane winery,0,1,0%,37
sonoma county best wineries,0,1,0%,37
stags leap napa valley,0,1,0%,37
carneros winery napa valley,0,1,0%,38
caymus ranch,0,1,0%,38
is napa or sonoma better,0,1,0%,38
wine season in napa,0,1,0%,38
best wineries in the napa valley,0,1,0%,39
napa valley vineyards to visit,0,1,0%,39
napa valley weather by month,0,1,0%,39
oak knoll wineries,0,1,0%,39
should i stay in napa or sonoma,0,1,0%,39
sonoma napa wine map,0,1,0%,39
cheap wine tasting in napa,0,1,0%,40
emeritus vineyard,0,1,0%,40
mondavi wine tour,0,1,0%,40
napa to sonoma distance,0,1,0%,40
robert mondavi winery napa valley,0,1,0%,40
stag leap cellars,0,1,0%,40
vineyards in sonoma california,0,1,0%,40
best wineries to visit in sonoma county,0,1,0%,41
caymus winery napa,0,1,0%,41
distance from sonoma to napa,0,1,0%,41
robert mondavi tasting room,0,1,0%,41
stags leap wine cellars napa,0,1,0%,41
map of wineries in sonoma county,0,1,0%,42
napa cheap wine tasting,0,1,0%,42
schramsberg tour,0,1,0%,42
silver oak winery tours,0,1,0%,42
top wineries to visit in sonoma,0,1,0%,42
best vineyards in napa valley to visit,0,1,0%,43
caymus winery location,0,1,0%,43
cheap wine tastings napa,0,1,0%,43
cheapest wine tasting in sonoma,0,1,0%,43
domaine carneros napa winery,0,1,0%,43
robert mondavi winery napa ca,0,1,0%,43
silver oak napa valley oakville cross road oakville ca,0,1,0%,43
wine tasting rooms downtown napa,0,1,0%,43
worst time to visit napa valley,0,1,0%,43
best sonoma county winery,0,1,0%,44
best time to go to napa,0,1,0%,44
cool wineries in sonoma,0,1,0%,44
coombsville napa,0,1,0%,44
sonoma winery list alphabetical,0,1,0%,44
top 5 wineries in sonoma,0,1,0%,44
wineries in napa county,0,1,0%,44
wineries in sonoma county california,0,1,0%,44
best time to visit napa ca,0,1,0%,45
best winery in napa valley to visit,0,1,0%,45
distance from napa ca to sonoma ca,0,1,0%,45
oak knoll wine,0,1,0%,45
silver oak winery map,0,1,0%,45
stag leap napa,0,1,0%,45
tasting rooms downtown napa,0,1,0%,45
what is the best time to visit napa valley,0,1,0%,45
wineries in napa valley list,0,1,0%,45
best time of the year to visit napa,0,1,0%,46
best time to go to california wine country,0,1,0%,46
best vineyards to visit in napa valley,0,1,0%,46
distance between sonoma and napa,0,1,0%,46
napa valley best time to go,0,1,0%,46
napa valley stags leap,0,1,0%,46
napa valley temperatures by month,0,1,0%,46
opus one winery location,0,1,0%,46
schramsberg cave tour,0,1,0%,46
silver oak winery visit,0,1,0%,46
vineyards of napa valley,0,1,0%,46
when to go to napa,0,1,0%,46
best time of year to visit napa,0,1,0%,47
best time to see napa valley,0,1,0%,47
best time to visit napa valley wine country,0,1,0%,47
napa county wineries,0,1,0%,47
napa valley robert mondavi,0,1,0%,47
napa valley temperature by month,0,1,0%,47
sonoma coast wineries map,0,1,0%,47
sonoma county vs napa valley,0,1,0%,47
the best sonoma wineries,0,1,0%,47
wineries in sonoma and napa,0,1,0%,47
downtown napa tasting room,0,1,0%,48
how many vineyards are in napa valley,0,1,0%,48
most popular winery in napa,0,1,0%,48
napa best wineries to visit,0,1,0%,48
napa free wine tasting map,0,1,0%,48
napa valley karte,0,1,0%,48
the best wineries in napa,0,1,0%,48
top rated wineries in napa,0,1,0%,48
top wines from napa valley,0,1,0%,48
wineries napa,0,1,0%,48
best small wineries in sonoma county,0,1,0%,49
sonoma county vineyard,0,1,0%,49
tank garage adventurous wines,0,1,0%,49
what is the best winery in napa valley,0,1,0%,49
wine country sonoma county,0,1,0%,49
wineries in napa to visit,0,1,0%,49
best wineries to visit napa,0,1,0%,50
map of wineries in sonoma,0,1,0%,50
napa vs sonoma valley,0,1,0%,50
sonoma vs napa wines,0,1,0%,50
vineyards sonoma valley,0,1,0%,50
best wine tasting in sonoma county,0,1,0%,51
map of napa valley vineyards,0,1,0%,51
map of sonoma county wineries,0,1,0%,51
napa valley weather in july,0,1,0%,51
napa wine tours cheap,0,1,0%,51
silver oak winery napa valley,0,1,0%,51
unique sonoma wineries,0,1,0%,51
where is downtown napa,0,1,0%,51
wine tasting napa deals,0,1,0%,51
wineries in sonoma ca,0,1,0%,51
best time to go to napa valley california,0,1,0%,52
best time to visit napa california,0,1,0%,52
best vineyards to visit in sonoma,0,1,0%,52
domain carneros winery,0,1,0%,52
robert mondavi napa valley,0,1,0%,52
robert mondavi wine tasting,0,1,0%,52
silver oak winery california,0,1,0%,52
the best winery in napa,0,1,0%,52
vineyards in napa,0,1,0%,52
wineries napa ca,0,1,0%,52
best time of year to visit california wine country,0,1,0%,53
mondavi winery tours,0,1,0%,53
napa winery list map,0,1,0%,53
scribe sonoma,0,1,0%,53
sonoma to napa valley,0,1,0%,53
visit opus one,0,1,0%,53
best time of year to visit napa valley ca,0,1,0%,54
best wineries to tour in napa and sonoma,0,1,0%,54
domaine carneros california,0,1,0%,54
must see wineries in napa valley,0,1,0%,54
napa vineyards,0,1,0%,54
number of wineries in sonoma county,0,1,0%,54
best time of year to go to napa valley,0,1,0%,55
napa valley weather in september,0,1,0%,55
stags leap winery napa,0,1,0%,55
vineyards in sonoma valley,0,1,0%,55
when is the best time to travel to napa valley,0,1,0%,55
where is sonoma wine country,0,1,0%,55
best wineries in sonoma and napa,0,1,0%,56
best wineries to go to in napa,0,1,0%,56
best wineries to see in napa,0,1,0%,56
good wineries in napa valley,0,1,0%,56
great wineries to visit in napa,0,1,0%,56
how many wineries in napa and sonoma,0,1,0%,56
napa valley in may weather,0,1,0%,56
napa valley winery,0,1,0%,56
silver oaks winery,0,1,0%,56
best napa valley vineyards to visit,0,1,0%,57
best wineries sonoma napa,0,1,0%,57
best winery sonoma,0,1,0%,57
carneros napa wineries,0,1,0%,57
mondavi vineyards,0,1,0%,57
sonoma ca to napa ca,0,1,0%,57
where is sonoma valley,0,1,0%,57
best dry cabernet,0,1,0%,58
merlot winery,0,1,0%,58
most famous wineries in napa,0,1,0%,58
napa wineries list alphabetical,0,1,0%,58
schramsberg vineyard,0,1,0%,58
sonoma valley wineries map,0,1,0%,58
top wineries in napa and sonoma,0,1,0%,58
vineyards of sonoma,0,1,0%,58
weather in napa in september,0,1,0%,58
best vineyards in sonoma and napa,0,1,0%,59
mondavi vineyard,0,1,0%,59
napa ca to sonoma ca,0,1,0%,59
napa valley to sonoma valley,0,1,0%,59
best time napa valley,0,1,0%,60
napa sonoma valley,0,1,0%,60
robert mondavi vineyard,0,1,0%,60
robert mondavi winery tours,0,1,0%,60
schramsberg wine,0,1,0%,60
silver oak cellars napa valley,0,1,0%,60
when to visit napa,0,1,0%,60
when is best time to go to napa valley,0,1,0%,61
best time to visit sonoma california,0,1,0%,62
opus wine tasting,0,1,0%,62
robert mondavi winery tasting,0,1,0%,62
stags wine,0,1,0%,62
top 10 vineyards in napa,0,1,0%,62
wines in napa,0,1,0%,62
famous wineries in napa,0,1,0%,63
how many winery in napa valley,0,1,0%,63
how much does wine tasting cost in napa,0,1,0%,63
napa domaine carneros,0,1,0%,63
sonoma winery california,0,1,0%,63
average cost of wine tasting in napa,0,1,0%,64
best time to go to wine country in california,0,1,0%,64
best time to visit wine country california,0,1,0%,64
best wines in napa valley,0,1,0%,64
list of napa valley wineries,0,1,0%,64
wine vineyards in napa valley,0,1,0%,64
winery napa valley,0,1,0%,64
best time of year to visit napa valley california,0,1,0%,65
map of napa vineyards,0,1,0%,65
weather in napa valley in july,0,1,0%,65
wine tasting fees,0,1,0%,65
wine tasting in napa valley prices,0,1,0%,65
best winery at napa valley,0,1,0%,66
caymus wineries,0,1,0%,66
domaine carneros wine,0,1,0%,66
opus one winery tours,0,1,0%,66
schramsberg sparkling wines,0,1,0%,66
silver oak winery hours,0,1,0%,66
sonoma or napa,0,1,0%,66
the best wineries in napa valley,0,1,0%,66
top wineries in napa to visit,0,1,0%,66
winery sonoma valley,0,1,0%,66
difference between napa and sonoma wines,0,1,0%,67
is sonoma in napa valley,0,1,0%,67
map napa,0,1,0%,67
napa valley and sonoma valley,0,1,0%,67
silver oak oakville ca,0,1,0%,67
vineyard in napa valley,0,1,0%,67
alphabetical list of napa wineries,0,1,0%,68
map of napa wineries pdf,0,1,0%,68
top 10 wineries in sonoma,0,1,0%,68
when is a good time to visit napa valley,0,1,0%,68
zinfandel wineries,0,1,0%,68
5 best wineries in napa valley,0,1,0%,69
best winery to visit in napa,0,1,0%,69
domaine.carneros,0,1,0%,69
famous napa wineries,0,1,0%,69
mondavi robert winery,0,1,0%,69
opus one vineyard,0,1,0%,69
silver oaks winery napa,0,1,0%,69
vineyards sonoma,0,1,0%,69
napa wine tasting prices,0,1,0%,70
sonoma vineyards map,0,1,0%,70
best vineyard in napa valley,0,1,0%,71
opus one napa winery,0,1,0%,71
silver oak vinyard,0,1,0%,71
where is silver oak winery,0,1,0%,71
napa in august,0,1,0%,72
napa valley carneros,0,1,0%,72
silver oak napa winery,0,1,0%,72
silver oak vineyards napa,0,1,0%,72
silverado trail wineries map,0,1,0%,72
winery near sonoma ca,0,1,0%,72
winerys in sonoma,0,1,0%,72
napa carneros,0,1,0%,73
napa sonoma,0,1,0%,73
napa valley top wineries to visit,0,1,0%,74
opus wine napa,0,1,0%,74
silver oak winery oakville,0,1,0%,74
silveroak cellars,0,1,0%,74
robert mondavi winery tour,0,1,0%,75
weather in napa valley october,0,1,0%,75
map of vineyards in sonoma,0,1,0%,76
sonoma ca to napa valley,0,1,0%,76
wines in napa valley,0,1,0%,76
coombsville vintners and growers,0,1,0%,77
wine sonoma valley,0,1,0%,77
where is caymus wine from,0,1,0%,78
sonoma valley wine region,0,1,0%,79
napa and sonoma valleys,0,1,0%,80
napa on map,0,1,0%,80
opus winery tour,0,1,0%,80
wine tasting in napa and sonoma,0,1,0%,80
silver oak napa ca,0,1,0%,82
silver oak winery napa california,0,1,0%,82
sonoma county wine regions,0,1,0%,82
map of napa valley california,0,1,0%,83
wine tasting sonoma,0,1,0%,83
carneros winery napa california,0,1,0%,84
list of wineries in napa,0,1,0%,84
most beautiful vineyards in napa valley,0,1,0%,84
sonoma in october,0,1,0%,84
where is robert mondavi winery,0,1,0%,86
most beautiful wineries napa valley,0,1,0%,89
robertmondaviwinery.com,0,1,0%,89
list of wineries in napa valley,0,1,0%,90
most beautiful napa valley wineries,0,1,0%,90
distance from napa to sonoma,0,1,0%,91
must visit wineries in napa valley,0,1,0%,91
winery sonoma california,0,1,0%,92
vineyard sonoma,0,1,0%,93
wineries to stay in napa valley,0,1,0%,96
most beautiful winery in napa valley,0,1,0%,98
wines napa valley is known for,0,1,0%,98